User,Message,Sentiment
Mathivanan Sir CCTS SRM VDP,"Dear Students, for Critical and Creative Thinking Skills CT - II online test url is empower.srmist.edu.in
User name - your Reg.no
Password - your mobile no
Check it out now, if any login issues pls contect me..
",joy
MANOHAR Sir SRM VDP,"@919677018701 kindly  send  me the afternoon session attendance.
",joy
MANOHAR Sir SRM VDP,"Any faculty have the II CSE A afternoon attendance, kindly  update.  Thanks
",joy
Cse B Durgadevi Ma'am,"*Special class starts from tomorrow (3.6.2022)* *Attendance is mandatory*
",joy
A Durgadevi Maam SRM VDP,"Reminder for special class Today u have OS special class.Attendance is mandatory .Assemble in  BW104 sharply @2.45 PM
",love
Niveditha Ma'am APP SRM Vdp,"Good evening students.. As planned we will have ct2 lab tests this week
",joy
A Durgadevi Maam SRM VDP,"Details of Test: 
Test Link: https://bit.ly/vdp1-june22
Password: ccc (All C's in Small Case)
Date: 09 Jun 2022
Test Duration: 120 minutes
Note: Once the student starts the exam, He/She will have 120 Minutes to complete the exam.
Plagiarism is strictly monitored and exam can be taken only on Desktop/Laptops
",joy
MANOHAR Sir SRM VDP,"Good morning All..
",joy
Punita Ma'am DAA SRM,"Good morning all.. Gmeet link for today DAA special class will be sent by 10.45 AM
",joy
MANOHAR Sir SRM VDP,"Today's Computer Communication - Special Class (9.00 am to 10.40 a.m ) II- CSE 'A' - Absentees: 14, 20, 22, 33, 37, 80, 97, and 107..
",love
A Durgadevi Maam SRM VDP,"Dear students
Kindly join os class by 1 PM
",joy
Preetha Ma'am SEPM SRM VDP,"SEPM Special Class Meet Link: 

meet.google.com/btz-rkpb-ziy
",joy
Preetha Ma'am SEPM SRM VDP,"Absentees for SEPM Special Class : 
20 , 27 , 37 , 44 , 80, 97, 100
",joy
MANOHAR Sir SRM VDP,"Good morning all.
",joy
A Durgadevi Maam SRM VDP,"Exit test started ... total duration is 210 mins 



Students....take up this test, this score will be considered as internals for CPS
",joy
Preetha Ma'am SEPM SRM VDP,"Kindly bring adequate A4 sheets and your own stationeries (UML Diagram has to be drawn). Thx
",joy
Niveditha Ma'am APP SRM Vdp,"Dear students kindly bring 2 sheets for exam..
",joy
Ateeq Rahman SRM Classmate,"Special class venue: bw105
",joy
A Durgadevi Maam SRM VDP,"As per the request made by students submission of assessment date is extended upto Wednesday 29/6/2022.. students are asked to complete it by then...no more extension is possible
",love
A Durgadevi Maam SRM VDP,"CT III Lab Venue for Online exams. I & II Year Class incharges kindly share the same with students.
",joy
MANOHAR Sir SRM VDP,"Good  morning  all. Still now - CC observation  not completed (not even submitted) students  list : 02,14,20,62,80,87,106,107.
",love
MANOHAR Sir SRM VDP,"Good  morning  all. Still now - CC observation  not completed (not even submitted) students  list : 02,14, 62,80,87,106,107.
",love
A Durgadevi Maam SRM VDP,"*******************************************
 *INSTRUCTION FOR  OPERATING SYSTEMS UNIVERSITY LAB EXAM
******************************************
 *Date of Exam:04.07.2022*                                          *Venue:  II Floor CDC Lab* 
1.Come in formal dress code.(Jean pants not allowed). Girls come in salwar or Kurtas.Dont come in free hair.
2.Must Wear I'd card and mask.
 *3.Bring your record without fail and make sure got the facsimile for HOD sign.* 
4.Check yourself for another time and ensure to get rid of any type of materials along with you for the lab.this enables you to be free from any malpractice..
5.Carry stationary items for exam and water bottle if required.You are not supposed to share inside the lab exam.
 *6.Morning batch report at 7.50 am and second batch at 11.50 am .* 
7.Students will be allowed for examination based on register numberwise.So please be on time.
 *Note: Donâ€™t Bring any of your Electronic gadgets(smart watches,Pendrives,Mobile phones,)*
",love
Preetha Ma'am SEPM SRM VDP,"SEPM - CT3 - Marks - Pl check. Detailed Answer key is uploaded in GCR.  Those who like to check the answer scripts can come to my desk after 9:00 am. Thx.
",love
Preetha Ma'am SEPM SRM VDP,"ğŸ”¹ğŸ”¹ğŸ”¹ğŸ”¹ğŸ”¹ğŸ”¹ğŸ”¹
IMPORTANT AND URGENT
ğŸ”¹ğŸ”¹ğŸ”¹ğŸ”¹ğŸ”¹ğŸ”¹ğŸ”¹

ONLY 32 / 51  STUDENTS HAVE GOT YOUR SEPM PROJECT REPORT SIGNED BY ME. HOPE YOU HAVE GOT THE HOD SEAL /  FACSIMILE IN IT. YOU HAVE TO SUBMIT THE REPORT WHEN YOU COME FOR UNIVERSITY LAB EXAM ON 6th.

19 STUDENTS WHO ARE YET TO GET IT SIGNED SHOULD COMPLETE IT TODAY WITHOUT FAIL. YOU WILL NOT BE ALLOWED FOR THE UNIV LAB EXAM WITOUT THE SIGNED REPORT. 

ğŸ”¹ğŸ”¹ğŸ”¹ğŸ”¹ğŸ”¹ğŸ”¹ğŸ”¹ğŸ”¹ğŸ”¹ğŸ”¹
",joy
MANOHAR Sir SRM VDP,"Good morning all
",joy
Bala Murugan Calculus & Linear Algebra SRM VDP,"Kindly all students to fill this form within today.â˜ğŸ»
",joy
A Durgadevi Maam SRM VDP,"Students,This is ur Final CPS marks .ğŸ‘†ğŸ‘†
",joy
A Durgadevi Maam SRM VDP,"Final CPS marksğŸ‘†ğŸ‘†kindly ignore the previous one
",joy
Mathivanan Sir CCTS SRM VDP,"Dear Students, Kindly fill the  gform for CCTS
https://docs.google.com/forms/d/e/1FAIpQLSendUwH9X0B7HSooTKGQc_LNI4q-JecjN5m4kEE0X6S6q9tkQ/viewform
",joy
Bala Murugan Calculus & Linear Algebra SRM VDP,"Kindly all students to fill this form within today.â˜ğŸ»
",joy
A Durgadevi Maam SRM VDP,"Only these students completed forms in CSE A
",joy
A Durgadevi Maam SRM VDP,"Kindly fill this Google form
",joy
A Durgadevi Maam SRM VDP,"Good evening mam...
Kindly circulate this drug pledge to all classes in your department except first year..when they fill it they will receive a cirtficate
",joy
A Durgadevi Maam SRM VDP,"Fidelity 2024 Batch_Registration Company Link-Online Test_01.08.2022

Dear All,

PFA the schedule for the fidelity 2024 batch. Kindly circulate the students for the same.

Updated schedule:
 
 
PPT
Assessment
Interview
Date
01-Aug-22
01-Aug-22
03-Aug-22
Time
4 to 5pm
5.30 to 6pm
9am onwards

Also, the company HR has shared the Hirepro registration link to all the applied students and the students have to register as per the below timings. 

The students who are registered in the link only will receive the online test link. 

Registration link open from now to till 31st July 2022 at 8:00 PM.

The Online Assessment window will be open from 1st August 2022 5:30 PM to 1st August 2022 6:00 PM.

Thanks & Regards
Placement Office
",joy
A Durgadevi Maam SRM VDP,"Good morning Students.. As informed earlier.. We have planned for Industrial Visit in 4th week of August ( most likely).. The link for polling for willingness would have already been curculated in ur respective class groups.. Kindly inform ur friends that the final count will be freezed by TODAY AT 2 PM
",love
A Durgadevi Maam SRM VDP,"Dear All,

Good News!!! 

One of our III Year CSE A student(2024 Batch) has received 2 months Summer Internship offer (June -July 2023) from FIDELITY which based on his performance could convert to Pre-Placement Offer. 

*Students Details:*
*Register No*:RA2011003040023
*Name*: Srinivasa M 
*Company Name*: Fidelity

Congratulations to Srinivasa ğŸ‘ğŸ’ğŸ’ğŸ’
",joy
Preetha Ma'am SEPM SRM VDP,"Congratulations Srinivas ğŸ’ğŸ’Thatz a great start point .. My heartiest wishes to you for many more achievements ğŸ’ğŸ’ğŸ’
",joy
A Durgadevi Maam SRM VDP,"ğŸ”¹ğŸ”¹ğŸ”¹ğŸ”¹ğŸ”¹ğŸ”¹ğŸ”¹ğŸ”¹ğŸ”¹
IMPORTANT AND URGENT 
ğŸ”¹ğŸ”¹ğŸ”¹ğŸ”¹ğŸ”¹ğŸ”¹ğŸ”¹ğŸ”¹ğŸ”¹
KIND ATTENTION TO THIRD YEAR STUDENTS (2024 outgoing batch) WHO ARE INTERESTED IN ON-CAMPUS INTERNSHIP AND PLACEMENT OPPORTUNITIES
ğŸ”¹ğŸ”¹ğŸ”¹ğŸ”¹ğŸ”¹ğŸ”¹ğŸ”¹ğŸ”¹ğŸ”¹

All those who are interested to participate in internship and placement drives are requested to update your details in the below form.  The superset application will formally open for internship cycle only in the beginning of your 6th semester. So we are collecting this data to be used during your 5th semester to identify suitable internship / placement opportunities and any skill upgrade program nominations, as required. 

Only those who are interested in On-Campus internship / placement opportunities are requested to fill the form. Others planning for higher studies may please ignore the form. 

Pl ensure you read the form throughly and provide correct information to each question. 

The form will be closed for responses on 7th August at 3:00 pm. All are requested to adhere to the timeline. 

https://forms.gle/Qr3AyHDmxQHzhN9A9


Thanks 
Preetha 
VDP Placement Team
ğŸ”¹ğŸ”¹ğŸ”¹ğŸ”¹ğŸ”¹ğŸ”¹ğŸ”¹ğŸ”¹ğŸ”¹ğŸ”¹ğŸ”¹
",joy
A Durgadevi Maam SRM VDP,"The day order today is I . 
We shall continue day order on Wednesday. ( day order 2)
Hence on *10.8.22* , *Day order 2* will be followed. (II and III year reopening for odd semester) 

Kindly follow this to maintain uniformity amongst all classes.
",love
+91 80154 35901,"Ma'am can v hv elective wise name list
",joy
A Durgadevi Maam SRM VDP,"ğŸ”¹ğŸ”¹ğŸ”¹ğŸ”¹ğŸ”¹ğŸ”¹ğŸ”¹ğŸ”¹ğŸ”¹ğŸ”¹
IMPORTANT AND URGENT 
ğŸ”¹ğŸ”¹ğŸ”¹ğŸ”¹ğŸ”¹ğŸ”¹ğŸ”¹ğŸ”¹ğŸ”¹ğŸ”¹
KIND ATTENTION TO THIRD YEAR STUDENTS
ğŸ”¹ğŸ”¹ğŸ”¹ğŸ”¹ğŸ”¹ğŸ”¹ğŸ”¹ğŸ”¹ğŸ”¹ğŸ”¹

PLEASE NOTE THAT BASED ON THE PROFILE SCREENING THE BELOW LIST OF STUDENTS ARE SHORTLISTED FOR WELLS FARGO SUMMER INTERNSHIP PROCESS

PFB the process schedule for Wellsfargo

Date & Time  :  11.08.2022, 10.00 a.m.
Process  :  PPT at 10.00 a.m
Online Test at 12 Noon
Process Mode  :  Virtual

Pl find below :
Shortlisted Students list
JD for Internship
Preparation Material
",joy
Cse B Durgadevi Ma'am,"ğŸ”¹ğŸ”¹ğŸ”¹ğŸ”¹ğŸ”¹ğŸ”¹ğŸ”¹ğŸ”¹ğŸ”¹ğŸ”¹
IMPORTANT AND URGENT 
ğŸ”¹ğŸ”¹ğŸ”¹ğŸ”¹ğŸ”¹ğŸ”¹ğŸ”¹ğŸ”¹ğŸ”¹ğŸ”¹
KIND ATTENTION TO THIRD YEAR STUDENTS
ğŸ”¹ğŸ”¹ğŸ”¹ğŸ”¹ğŸ”¹ğŸ”¹ğŸ”¹ğŸ”¹ğŸ”¹ğŸ”¹

PLEASE NOTE THAT BASED ON THE PROFILE SCREENING THE BELOW LIST OF STUDENTS ARE SHORTLISTED FOR WELLS FARGO SUMMER INTERNSHIP PROCESS

PFB the process schedule for Wellsfargo

Date & Time  :  11.08.2022, 10.00 a.m.
Process  :  PPT at 10.00 a.m
Online Test at 12 Noon
Process Mode  :  Virtual

Pl find below :
Shortlisted Students list
JD for Internship
Preparation Material
",joy
A Durgadevi Maam SRM VDP,"Dear students, 
The registration for the certification exam is open only to those learners who have enrolled in the course. 

2. If you want to register for the exam for this course, login here using the same email id which you had used to enroll to the course in Swayam portal. Please note that Assignments submitted through the exam registered email id ALONE will be taken into consideration towards final consolidated score & certification. 

3. Date of exam: Sep 25, 2022

CLICK HERE to register for the exam. 

Choose from the Cities where exam will be conducted: Exam Cities 



4. Exam fees: 



If you register for the exam and pay before Aug 15, 2022, 10:00 AM, Exam fees will be Rs. 1000/- per exam. 

If you register for exam before Aug 15, 2022, 10:00 AM and have not paid or if you register between Aug 15, 2022, 10:00 AM & Aug 19, 2022, 10:00 AM, Exam fees will be Rs. 1500/- per exam



5. 50% fee waiver for the following categories: 



Students belonging to the SC/ST category: please select Yes for the SC/ST option and upload the correct Community certificate.



Students belonging to the PwD category with more than 40% disability: please select Yes for the option and upload the relevant Disability certificate.
",joy
A Durgadevi Maam SRM VDP,"Reminder for nptel exam fee payment. Kindly do payment by today itself
",joy
Paavai Anand Ma'am SRM VDP,"Only 25 students uploaded proof in gcr. Others do it asap
",joy
A Durgadevi Maam SRM VDP,"Dear students, 
Final mooc course namelistâ˜ï¸.
",joy
A Durgadevi Maam SRM VDP,"Dear students, Those who have enrolled for INTEL COURSE - MOOC.. Kindly verify your details and join the GCR (GCR code: pslj5se) and whatsapp group(https://chat.whatsapp.com/Kl7EINoeRLp4r9HeIMrVod) immediately.
",love
A Durgadevi Maam SRM VDP,"Instructions for students to attend Cps training
1.Classes will be conducted in physical mode.26/8,27/8,29/8,30/8
2.Students are asked to bring your own laptops and ear phones and get wifi connection in prior.
3.Attendance is compulsory and clarify your doubts then and there.
4.No retest will be entertained for any reasons..
5.Marks awarded by them will be final so submit your tests and assignment on time..
",joy
Arun Aakash SRM Classmate,"Mam will cps classes happen only on those specified dates or according to the time table?
",joy
A Durgadevi Maam SRM VDP,"Students those who paid fees through education loan please send me your full name and register number soon
",joy
A Durgadevi Maam SRM VDP,"Dear Students,
As part of the continuous Voter Education programme, it is proposed to conduct Electoral Literacy club-related activities among the College students throughout the state. In case the  functioning of Electoral Literacy Clubs at College level the Campus Ambassadors play a vital role and they act as the link between the new electors with the District Election officials.
Those interested in being the Campus Ambassador for SRMIST Vadapalani campus, kindly fill out the google sheet on or before 21.08.2022.
https://tinyurl.com/ELC-VDP
",love
A Durgadevi Maam SRM VDP,"Dear students and faculties
Classroom for cse A has changed. Kindly shift to DW304 after break hour
",joy
Cse B Durgadevi Ma'am,"ğŸ”¹ğŸ”¹ğŸ”¹ğŸ”¹ğŸ”¹ğŸ”¹ğŸ”¹ğŸ”¹ğŸ”¹ğŸ”¹ğŸ”¹

IMPORTANT AND URGENT 

LinkedIn India 
Software Development 
Summer Internship

Deadline : August 28th, 2022

LinkedIn is kickstarting the Summer Internship program for students currently in their pre-final year of degree. We have opened our application process for the Software Development internship role with focus on students with CS/IT background. We are  looking for students interested in the backend development, Data and UI space/Full stack engineering.

 

Please share the link(https://forms.office.com/pages/responsepage.aspx?id=v4j5cvGGr0GRqy180BHbRzVlF57CKAdNj3CIKJqvvRJUME1CVjFYUkFVNkpERllLTU5SMlhLTldYQi4u) and details to apply for the program with the studentâ€™s in your institute by August 28th, 2022.

 

LinkedIn was built to help professionals achieve more in their careers, and every day millions of people use our products to make connections, discover opportunities and gain insights. Our global reach means we get to make a direct impact on the worldâ€™s workforce in ways no other company can. Weâ€™re much more than a digital resume - we transform lives through innovative products and technology. 
 
Software Engineering interns at LinkedIn work on advanced information-retrieval algorithms, massive scalability infrastructure and storage solutions, and large-scale applications for users on web and mobile devices. LinkedIn is looking for a variety of interns who want to learn, grow and work with some of the brightest technical talent in the world. We have a top-notch summer intern program for where you would work on real-life projects very important to the company. At LinkedIn, we strive to help our employees find passion and purpose.
 
 Apply now (https://forms.office.com/pages/responsepage.aspx?id=v4j5cvGGr0GRqy180BHbRzVlF57CKAdNj3CIKJqvvRJUME1CVjFYUkFVNkpERllLTU5SMlhLTldYQi4u) for the 2023 India Summer Internship program 
 
Want to know more about our Engineering teams and what they are upto? 

https://engineering.linkedin.com

ğŸ”¹ğŸ”¹ğŸ”¹ğŸ”¹ğŸ”¹ğŸ”¹ğŸ”¹ğŸ”¹ğŸ”¹ğŸ”¹
",joy
A Durgadevi Maam SRM VDP,"ğŸ”¹ğŸ”¹ğŸ”¹ğŸ”¹ğŸ”¹ğŸ”¹ğŸ”¹ğŸ”¹ğŸ”¹ğŸ”¹ğŸ”¹

IMPORTANT AND URGENT 

LinkedIn India 
Software Development 
Summer Internship

Deadline : August 28th, 2022

LinkedIn is kickstarting the Summer Internship program for students currently in their pre-final year of degree. We have opened our application process for the Software Development internship role with focus on students with CS/IT background. We are  looking for students interested in the backend development, Data and UI space/Full stack engineering.

 

Please share the link(https://forms.office.com/pages/responsepage.aspx?id=v4j5cvGGr0GRqy180BHbRzVlF57CKAdNj3CIKJqvvRJUME1CVjFYUkFVNkpERllLTU5SMlhLTldYQi4u) and details to apply for the program with the studentâ€™s in your institute by August 28th, 2022.

 

LinkedIn was built to help professionals achieve more in their careers, and every day millions of people use our products to make connections, discover opportunities and gain insights. Our global reach means we get to make a direct impact on the worldâ€™s workforce in ways no other company can. Weâ€™re much more than a digital resume - we transform lives through innovative products and technology. 
 
Software Engineering interns at LinkedIn work on advanced information-retrieval algorithms, massive scalability infrastructure and storage solutions, and large-scale applications for users on web and mobile devices. LinkedIn is looking for a variety of interns who want to learn, grow and work with some of the brightest technical talent in the world. We have a top-notch summer intern program for where you would work on real-life projects very important to the company. At LinkedIn, we strive to help our employees find passion and purpose.
 
 Apply now (https://forms.office.com/pages/responsepage.aspx?id=v4j5cvGGr0GRqy180BHbRzVlF57CKAdNj3CIKJqvvRJUME1CVjFYUkFVNkpERllLTU5SMlhLTldYQi4u) for the 2023 India Summer Internship program 
 
Want to know more about our Engineering teams and what they are upto? 

https://engineering.linkedin.com

ğŸ”¹ğŸ”¹ğŸ”¹ğŸ”¹ğŸ”¹ğŸ”¹ğŸ”¹ğŸ”¹ğŸ”¹ğŸ”¹
",joy
A Durgadevi Maam SRM VDP,"Dear Students,

Greetings from IET Chennai Local Network!!!

We welcome every  designers, developers or builders, coders and problem solvers to participate the PENTATHON 2022 event.

The IET Chennai Local Network is hosting theÂ PENTATHON 2022 competition. The competition will be held on 15 October 2022.Â Come join us for theÂ competition Hosted by IET Chennai!Â 

What is PENTATHON?

Blend of 5 different competitions named #Ideathon
#Appathon
#Webathon
#Makeathon & 
#Hackathon

The detailed event schedule is mentioned in the below link. 

Registration web link: https://ietchennailnevents.org/

Please feel free to contact the team in case of any queries relating to the event. 

R.Balamurugan, Assistant Professor - bmavinashi@gmail.com.
",joy
A Durgadevi Maam SRM VDP,"ğŸ”¹ğŸ”¹ğŸ”¹ğŸ”¹ğŸ”¹ğŸ”¹ğŸ”¹ğŸ”¹ğŸ”¹ğŸ”¹
IMPORTANT AND URGENT 
ğŸ”¹ğŸ”¹ğŸ”¹ğŸ”¹ğŸ”¹ğŸ”¹ğŸ”¹ğŸ”¹ğŸ”¹ğŸ”¹

KIND ATTENTION TO PRE FINAL YEAR STUDENTS 

LinkedIn  SUMMER INTERNSHIP- ONLINE TEST 

The test for the LinkedIn Software Development Intern position will be conducted today at 7 pm. 

THOSE WHO HAVE REGISTERED FOR IT WOULD HAVE RECEIVED THE TEST LINK TO YOUR REGISTERED EMAIL ID. PL CHECK. 

Please ensure to login in for the test within the stipulated time. 

Time test opens: 7:00 p.m. IST , September 5th, 2022 (closes to attempt at 7:15 p.m. for login)

Duration: 90 mins

Details: The time for the test starts the moment you log into the link. Candidates have to complete the test in one shot and cannot re-login. Hence please ensure you login at the right time

ğŸ”¹ğŸ”¹ğŸ”¹ğŸ”¹ğŸ”¹ğŸ”¹ğŸ”¹ğŸ”¹ğŸ”¹ğŸ”¹ğŸ”¹
",joy
A Durgadevi Maam SRM VDP,"Dear students,
Kindly read the following instructions &  fill out the google form attached.
This is to provide an effective parking facility & ensure some discipline regarding two-wheeler parking for the students inside our campus.
â€¢	Students are permitted to bring their two-wheeler only from 2nd year .
â€¢	Students are strictly prohibited from bringing a four-wheeler inside the campus.
â€¢	Those who fill the google form attached will be provided with parking stickers without which the vehicle will not be permitted to park . 
â€¢	Only 1 sticker/vehicle will be issued . 
â€¢	In case, your permitted vehicle is given for service, alternate vehicle will not be permitted to park . (PARKING STRICTLY FOR VEHICLE WITH STICKER & ONLY ONE STICKER PER VEHICLE).
Kindly adhere to the guidelines.
https://forms.gle/aoJnnUMz6uFt3zaY8

Thanks,
Dean Office.
CET, SRMIST VDP.
",joy
A Durgadevi Maam SRM VDP,"the college will be working full day .

Necessary instructions be communicated to the students accordingly..

The inconvenience caused is *highly regretted*
",joy
Cse B Durgadevi Ma'am,"Dear Students,

Pl be very careful with your belongings .
*Don't leave your belongings / valuables unattended.*

Be responsible for your things . 

Have a great Day !!!
",joy
A Durgadevi Maam SRM VDP,"Today special timetable will be followed
1st hour- Maths 
2,3,4-CN lab
5-OE (elective)
",love
A Durgadevi Maam SRM VDP,"No retest will be given for simple illness..
Retest will be given only for genuine cases like hospitalization (produce discharge summary). 
Class incharges  are requested to strictly inform ur students please.
",love
A Durgadevi Maam SRM VDP,"Good evening all

As per Government notification, tomorrow (25/10/2022) is declared holiday for the college. Instead, we shall be working on 19/11/2022 to compensate tomorrow's loss of classes..

Take care and have a safe Diwali...
",joy
Cse B Durgadevi Ma'am,"Pl share this to students:

If someone has lost ur bike key, pl collect it from CSE HOD.
",joy
Cse B Durgadevi Ma'am,"*Fill the form correctly ...the responses cannot be changed once filled*
",joy
A Durgadevi Maam SRM VDP,"Dear students
Kindly join ISM elective class @8.50 AM
",joy
Dr. Akila Maam FLA SRM VDP,"STUDENTS ....CHECK FLA GCR

posted quiz link, demo problems using JFLAP (record it ) ....deadline to sub,it 13.11.2022
Unit wise assignment problems to practice
",joy
Cse B Durgadevi Ma'am,"Good morning all

As per the government notification, today   (11/11/2022) is declared a holiday. The university practical exam scheduled is postponed..

Take care n stay safe
",love
A Durgadevi Maam SRM VDP,"Good morning all

As per the government notification, today   (11/11/2022) is declared a holiday. The university practical exam scheduled is postponed..

Take care n stay safe
",love
A Durgadevi Maam SRM VDP,"Good Morning students 
Today computer networks online class scheduled from
8:00 am - 8.50am
ISM elective from 8.50-9.40
",love
A Durgadevi Maam SRM VDP,"Dear class incharges:
The students who have not paid the examination fee as on 19.11.2022 are instructed to pay   the fee with fine only immediately to avoid further increase in fine amount.
",love
Bala Murugan Calculus & Linear Algebra SRM VDP,"https://forms.gle/nDDRBEJTfqDPYNps6            Dear students, kindly submit  the google form as soon as possible
",joy
Dr. Akila Maam FLA SRM VDP,"if instance not given for pcp or mpcp problem create the instance on ur own based on the given lang
",joy
Bala Murugan Calculus & Linear Algebra SRM VDP,"22 students only submitted. Remaining students submit now.
",joy
NILADRI,"ma'am I also finished all of them but my name is only in PDA
",joy
A Durgadevi Maam SRM VDP,"Dear Students, Kindly check ur MOOC marks ğŸ‘†
",joy
Dr. Akila Maam FLA SRM VDP,"Univ exam pattern: 100 marks-3 hrs. Total: 5 questions- (1 compulsory question+ 4 questions out of 6 ).Each question carries 20 marks (atleast 2 MCQs will be there for every scenario).
",joy
Dr. Akila Maam FLA SRM VDP,"Additional info: the materials must be bounded. Handwritten notes must be written only in blue ink. Dept seal has to be affixed in the front sheet. Please sign randomly in some pages.
",joy
A Durgadevi Maam SRM VDP,"Students 1. Exam Seating Arrangement will be displayed in the Ground floor entrance
2.Bags have to be deposited in the place mentioned in the notice board
3. Wear a proper dress - No torn jeans 
4. Don't forget to take your hall ticket and ID card 
5. Don't wear any kind of Watches , smart gadgets , pen drive etc
6. Take necessary pens , stationary items , don't share any item with others
7. *Reporting time before 9:30 AM in the respective Exam Hall after duly submitting the bag in bag room*
8. LASTLY - DON'T INVOLVE IN ANY KIND OF MALPRACTISE
",love
A Durgadevi Maam SRM VDP,"Dear students, 
Kindly fill this google form before 10 AM today.
",joy
Niveditha Ma'am APP SRM Vdp,"* Wise works internship on Metaverse.
* The internship will be mapped to Seminar code.
* No offline classes in campus. 
* The online (after college) internship completion certificate will be mapped to seminar code.
",joy
Niveditha Ma'am APP SRM Vdp,"* Wise works internship on Metaverse.
* The internship will be mapped to Seminar code.
* No offline classes in campus. ( only MOOC periods) 
* The online (after college) internship completion certificate will be mapped to seminar code.
",joy
A Durgadevi Maam SRM VDP,"Details about the Program

AI and ML:
Examination and certification by ISTE (http://www.isteonline.in/)
Srmist Vdp has institutional membership.

Nature of Program   :   Offline.

Course Duration      :  120 Hrs  

Course and exam fee    :   Free of Cost.
",love
A Durgadevi Maam SRM VDP,"26th National youth festival is going to held in Bangalore..In this concern, I Kindly request you to circulate the attached file to your students..Willing participants(NSS ) may contact Dr.Kannan tomorrow....
",love
A Durgadevi Maam SRM VDP,"Hi all students.  Request names of students willing to take part in pongal preparation at ymca tomorrow (8/1/23).
",love
Dr Karthikeyan Manikandan B2B Sir SRM VDP,"Kindly share the time table mam
",joy
A Durgadevi Maam SRM VDP,"Dear All

Wish YOU ALL A VERY HAPPY PONGAL !!!

I would like to invite you for the Pongal Celebrations planned in the CET, VDP campus on 13/01/2023 between 10.30 AM and 1.00 PM

The celebrations include certain events for the faculty, research scholars and the students.

Solicit and Await your august presence.

This may be accordingly shared with all.
",love
A Durgadevi Maam SRM VDP,"Pl note: Traditional attire/ decent ethnic wear is permitted for tomorrow's pongal celebration for staff and students.
",joy
A Durgadevi Maam SRM VDP,"SI-UK Educational Fair Jan 2023

Meet all Top Universities from UK

Date - Thu, 26th Jan 2023

Venue - Hyatt Regency, Anna Salai

To register - https://bit.ly/3PKXuMJ
",joy
A Durgadevi Maam SRM VDP,"Forwarded form ncc unit-  ktr.... Kindly circulate
",joy
A Durgadevi Maam SRM VDP,"Greetings! 
Dear Students...DCSE, SRMIST, Vadapalani campus is organizing an *""Unlocking your creativity and Innovation""* event to unleash your creative potential and reenergize the planet with brilliant concepts.
Â 
Date: 31st January 2023
Timing: 11 am-3 pm
Â 
Â 
Guest speaker: Dr. D. Selvakumari
IIC Convenor
MCC, Chennai 
Â 
Â 
Registration link:
Â 
https://forms.gle/Akn6w5QtodwoTYp37
Â 
Renewing your spirit with lots of activity!!!ğŸ”†
",joy
Banu Kiran SRM Classmate,"*Full day OD
",joy
Asish SRM Classmate,"Full day OD for 
07
09
18
19
20
37
44
46
56
63
67
72
76
77
81
91
105
From the DI club representing Hack Fest
",joy
A Durgadevi Maam SRM VDP,"Dear all
The classes are suspended from 12.30pm.
Kindly inform all CET students to leave the campus immediately.
",joy
A Durgadevi Maam SRM VDP,"Dear class incharges,
Kindly inform the Hostel students that the bus will leave from campus by 1.30 PM after taking lunch.
",love
Dhayanidhi SRM Classmate,"Full day od for Dhayanidhi - RA2011003040007
Hari hara subramanian - RA2011003040067
James allen raj-RA2011003040037
Pragadeesh -RA2011003040044
Krithick kumar - RA2011003040076
",joy
A Durgadevi Maam SRM VDP,"Any student who is willing to be the student ambassador for this G20 events conduct and reporting from SRM VDP may send ur willingness to @919840557778 Dr.Manohar.
",joy
A Durgadevi Maam SRM VDP,"Dear all

Kindly communicate to all students on how to use quiklrn

All contents to be uploaded into quiklrn for students reference.  You can create assignments ,quiz and submission of any kind of.project reports, review ppts to be done in quiklrn so that students would login and use the system 

Any kind of issues or queries put a mail to support@quiklrn.com
",love
A Durgadevi Maam SRM VDP,"Gentle Reminder, Kindly forward the above schedule to class' staff and student group. All staffs are requested to join the meeting. As usual, Students are asked to join minimum 5 mins earlier as per the schedule.
",love
A Durgadevi Maam SRM VDP,"Dear Student(s)

The Office of International Relations (OIR), SRMIST is receiving the Semester Abroad Program (SAP) applications for FALL-2023 (JULY to December 2023) admission at the host Universities. Interested and Eligible students are advised to submit the scanned copy of the filled application form through e-mail within the deadline to sureshki@srmist.edu.in and ir.sap.dualdegree@srmist.edu.in

Deadline: 15th FEBRUARY 2023

Fill the Application form attached herewith.
Based on your level of interest, select your university and complete the application form giving 3 preferences.
Submit the filled-in application form through email within the deadline to sureshki@srmist.edu.in and ir.sap.dualdegree@srmist.edu.in
E-mail Attachments: Passport copy, mark sheet copies (from 10th till latest), Project portfolios (if any)
Donâ€™t forget to mention your department and campus.
 

For More details: https://www.srmist.edu.in/ir/outward-mobility/semester-abroad-program/

Or contact your department SAP coordinator

Name of the coordinator

Department

Mobile No

Mrs. K. Karthikayani

CSE

9500075869

Dr. T. S Balaji

ECE

9710769781

Mr.M.Kamatchi Hariharan

Mech.

9003337793
",joy
A Durgadevi Maam SRM VDP,"https://forms.gle/ne5zLcny5E4xV4vX6

Dear Students/Staff
It is proposed to issue bike parking stickers to all students/staff coming in their bike. Hence, kindly apply for the sticker in the Google form shared. 
Note:
Only one sticker per student/staff.
Last date to submit the form is 14/2/23 (5pm).
Students without license should not apply for sticker.
",joy
Sruthi Shiva SRM Classmate,"Od for :(fulla day )
Shah 33
Banu 105
Sruthi 45
Praveen 43
Akshai 27
Preethi 18
Manoj 16
Srinivas dattu 74
Teja 14
Vishwanath 20
Likhith 100
Dhanush 80
Jeevan 62
Kishore 72
Jashwanth 107
Sneha 91
",joy
Sneha S SRM Classmate,"Full day OD for
Od for :(fulla day )
Shah 33
Banu 105
Sruthi 45
Praveen 43
Akshai 27
Preethi 18
Manoj 16
Srinivas dattu 74
Teja 14
Vishwanath 20
Likhith 100
Dhanush 80
Jeevan 62
Kishore 72
Jashwanth 107
Sneha 91
Shahil 90
",joy
Sneha S SRM Classmate,"Od for :(fulla day )
Shah 33
Banu 105
Sruthi 45
Praveen 43
Akshai 27
Preethi 18
Manoj 16
Srinivas dattu 74
Teja 14
Vishwanath 20
Likhith 100
Dhanush 80
Jeevan 62
Kishore 72
Jashwanth 107
Sneha 91
Shahil 90
",joy
Pankaj Kumar SRM Classmate,"FULL DAY OD
Satya Rajesh 02
Rohit 08
Ashish 09
Varsha 29
Pragadeesh 44
Priyadarshini 46
Harshini 53
Srikanth 56
Ebrahim 59
Harshavardhini 60
Ria 66
Atheeq 69
Sarayu 77
Mayuri 81
Shahil 90
Pankaj 95
Bharat 96
Harshit 97
Cr Roshan 104
Kush Gautam 106
",joy
A Durgadevi Maam SRM VDP,"https://forms.gle/D4n9eTeXq64ZVeCs5

Dear all
The bike parking sticker request form has been opened again for those who haven't filled. Kindly fill the request by 12noon
",joy
Praveen SRM Classmate,"Full day OD for 37 and 43

Cyber security workshop
",joy
Praveen SRM Classmate,"37 and 43 full day od for workshop
",joy
A Durgadevi Maam SRM VDP,"Requirement for paid internship:
Any student who is very strong in dynamic website development & interested to take up a paid internship (1month), online is requested to mail ur cv to hod.cse.vdp@srmist.edu.in by 5/3/23.
",joy
A Durgadevi Maam SRM VDP,"I kindly request all girls to assemble in Audi immediately
",joy
A Durgadevi Maam SRM VDP,"CPS03 III YEAR- Phase1:


Total Number of Students : 189 Students

Dates: 16th March 2023 to 19th March 2023

Mode of Delivery: Offline(Week Days) + Online(Week Ends)

 

CPS01 -II YEAR  Phase1:

Total Number of Students : 313 Students

Dates: 16th March 2023 to 19th March 2023

Mode of Delivery: Online
",joy
A Durgadevi Maam SRM VDP,"Dear students....
*IEEE Computer Society Membership*
ğŸ“¢It is pleased to inform that half yearly membership scheme is open from 1st March.
*Special offer:*
ğŸ”¸By paying the membership fee  now for six months, one can enjoy the benefits for 10 months (till Dec)
ğŸ”¸The combined membership for IEEE and IEEE CS for UG students is $ 11 (about Rs 900).
ğŸ”¸Along with the host of membership benefits, full access to IEEE CS digital library is included in this membership for the students (which normally costs around $110).
ğŸ”¸for IEEE members will get fee concession for the Events organized by IEEE CS, ACM & CSI Chennai


It is the ideal time to become members and enjoy the benefits which will be most rewarding in terms of career progression.

Interested students kindly fill out this form :    https://forms.gle/4aGM1KiRvnqkYmCw6
",joy
A Durgadevi Maam SRM VDP,"Our campus maths department has planned to conduct Higher studies Qualification exam[CAT, GRE and GMAT] based sample exams in week ends . Interested III year and Final year students please fill following google form.
",joy
A Durgadevi Maam SRM VDP,"Dear students....
*IEEE Computer Society Membership*
ğŸ“¢It is pleased to inform that half yearly membership scheme is open from 1st March.
*Special offer:*
ğŸ”¸By paying the membership fee  now for six months, one can enjoy the benefits for 10 months (till Dec)
ğŸ”¸The combined membership for IEEE and IEEE CS for UG students is $ 11 (about Rs 900).
ğŸ”¸Along with the host of membership benefits, full access to IEEE CS digital library is included in this membership for the students (which normally costs around $110).
ğŸ”¸for IEEE members will get fee concession for the Events organized by IEEE CS, ACM & CSI Chennai


It is the ideal time to become members and enjoy the benefits which will be most rewarding in terms of career progression.

Interested students kindly fill out this form :    https://forms.gle/4aGM1KiRvnqkYmCw6
",joy
Bharathi. N. Gopalsamy Ma'am Placement SRM VDP,"Please circulate among the students and ask willing students to register for membership
",joy
A Durgadevi Maam SRM VDP,"Pl note 
OD permitted only for those students mentioned in the list sent by Rangaraj sir (PD) . Only those students are selected for final matches . No OD for any other event including dance practice.
",joy
A Durgadevi Maam SRM VDP,"Good noon

Tomorrow (28/03/2023), after the CT, the students may be asked to go home as CSH has their Annual day celebration.
",love
Paavai Anand Ma'am SRM VDP,"Ex. No. 8 - Take a family tree. Define all possible relations (like - mother, father son, daughter etc..,). Populate the knowledge base with the facts as per the family tree taken. Give queries and try to resolve the answers for the queries given using Logic Programming in Python
",love
A Durgadevi Maam SRM VDP,"ğŸ”¹ğŸ”¹ğŸ”¹ğŸ”¹ğŸ”¹ğŸ”¹ğŸ”¹ğŸ”¹
DEAR ALL,

PFB THE TRAIL MAIL AND FORWARD OF ALL BRANCHES OF B.TECH OF 2024,2025 BATCHES

NOTE: THIS KIND OF PROGRAMS FROM AMAZON ARE VERY IMPORTANT - ATTENDANCE FROM A COLLEGE WILL DECIDE THE COMPANY COMING TO CAMPUS (HR IS MAKING A NOTE OF THE REGISTRATIONS)
SO IF INTERESTED IN GETTING AMAZON TO CAMPUS - REGISTER AND ATTEND 
 

The link to register for the Amazon WoW session â€œExplore the exciting world of Amazon: Non-Techâ€ is below.
Link: https://register.gotowebinar.com/register/6105165186874573911
After registering, the students will receive a confirmation email containing information about joining the webinar. Please note, we have limited seats for this session. Kindly circulate the link among the students and ask them to register at the earliest. Donâ€™t forget to register for Amazon WoW to stay informed about upcoming sessions, workshops, and more!
 *****************************************************************************************************************************

We are pleased to invite students across four batches to the Amazon WoW session â€œExplore the exciting world of Amazon: Non-Techâ€. The session has been especially curated to showcase students the various non-technical career paths in tech industry.
 
Session Name
Explore the exciting world of Amazon: Non-Tech
Session Theme
Connect with Amazon leaders virtually to learn about various non-technical career paths through their career journey.
Date
April 7, 2023 (Friday)
Time
2.00 PM to 3.00 PM IST
Registration Link
RSVP
*Pre-submit your question at the registration stage.
 
Donâ€™t forget to register for Amazon WoW to stay informed about upcoming sessions, workshops, and more! 
 


STUDENT TO REGISTER AND ATTEND COMPULSORY
ğŸ”¹ğŸ”¹ğŸ”¹ğŸ”¹ğŸ”¹ğŸ”¹ğŸ”¹ğŸ”¹
",love
Prasanna Devi Maam SRM Vdp,"@918939466491 can u pl come to my room and take papers during ur free time?
",love
A Durgadevi Maam SRM VDP,"Conference Registration fee Rs. 500 for SRMIST people (only online mode presentation allowed). Additional charges to be paid for Scopus publication. Revised submission deadline is on 21-April-2023. For further details refer to www.rcicd.com
",love
Bharathi. N. Gopalsamy Ma'am Placement SRM VDP,"Received only 3 reports for seminar - Nvidia. Others i will award zero marks if i am not receiving reports by tomorrow
",joy
Prasanna Devi Maam SRM Vdp,"REMINDER: Dear all kindly collect CLA4 online certifications from students . Hardcopy as well as soft copy.
",joy
Prasanna Devi Maam SRM Vdp,"Request class representative to collect all hard copy of AI course certificates and submit it to me.
",joy
Bharathi. N. Gopalsamy Ma'am Placement SRM VDP,"Kush Gautam and Rohit, your nvidia certificate is not submitted. Only report is received. Submit certificate also
",joy
A Durgadevi Maam SRM VDP,"ğŸ”·ğŸ”·ğŸ”·ğŸ”·ğŸ”·ğŸ”·ğŸ”·ğŸ”·A gentle reminder and humble request for your support regarding the Amazon WoW session registrations. Request to encourage and ensure that the students from 1st to final year of each of your department / course register and then PARTICIPATE compulsorily. 

Registration Link: https://register.gotowebinar.com/register/5109547513032307807
Deadline: 25-04-2023 till 11:00 p.m. 


Looking forward to your support and cooperation. ğŸ”·ğŸ”·ğŸ”·ğŸ”·ğŸ”·ğŸ”·ğŸ”·ğŸ”·
",joy
A Durgadevi Maam SRM VDP,"ğŸ”¹ğŸ”¹ğŸ”¹ğŸ”¹ğŸ”¹ğŸ”¹ğŸ”¹ğŸ”¹ğŸ”¹ğŸ”¹ğŸ”¹ğŸ”¹ğŸ”¹ğŸ”¹ğŸ”¹ğŸ”¹Dear sir/madam,

Kindly Inform to the Students

Greetings from TCS!

Hope you and your loved ones are doing good.

Please find the link for Crackdquants:

Date: 26th April 2023

Quiz Link: https://forms.gle/TZdavJ2V4oh6oEaZ9

These activities are open for all Science, Engineering, and Management students and doesn't have any specific eligibility criteria.

The students' participations would be tracked and will be awarded on the same at the end of the year.

We kindly request you to cascade all the information to the students across all the batches and streams from your esteemed institution.
ğŸ”¹ğŸ”¹ğŸ”¹ğŸ”¹ğŸ”¹ğŸ”¹ğŸ”¹ğŸ”¹ğŸ”¹ğŸ”¹
",joy
Harshit Dashmana SRM Classmate,"I love you
",joy
A Durgadevi Maam SRM VDP,"As per schedule,Tomorrow (02-05-2023)Compiler Design Special class is scheduled  from 10.00-11.40 AM
",love
MANOHAR Sir SRM VDP,"Good evening all. WSN Question Bank for - Unit IV and V : posted in WSN GCR. Kindly refer it. Thanks
",joy
A Durgadevi Maam SRM VDP,"Dear class incharges kindly forward the link in your class group as ur students to upload the [participation certificate between jan to may
",joy
MANOHAR Sir SRM VDP,"Dear Students only 32 certificate hard copy received so far. kindly submit your  hard copy and Soft copy must be uploaded into GCR by tomorrow. Thanks
",love
A Durgadevi Maam SRM VDP,"ğŸ”·ğŸ”·ğŸ”·ğŸ”·ğŸ”·ğŸ”·ğŸ”·ğŸ”·ğŸ”·ğŸ”·ğŸ”·ğŸ”·Engineering Campus Placement Enrollment for all the B.Tech & M.Tech students (Graduating class of 2024) of SRM IST students is opened. In the Enrollment process, the students are required to pay the Placement fee of Rs. 9,500/- (as approved for the 2024 batch) - Payment details will be shared by today.

Start Date - 8th May 2023
Details entry and placement willingness form deadline 11th May 2023
Payment Closure deadline 14th May 2023
Submission of List to be enrolled to KTR -15th May 2023
 
Eligibility for Placement Enrollment
 
â€¢       All the students interested and eligible (10th - 60%, 12th / Dip - 60%, UG / PG-60%, No standing arrear in current degree till 5th sem for B.Tech, 1st sem for M.Tech).
â€¢       Enrollment will be completed ONLY after the payment and submission of the list within the deadline
â€¢       Enrolled students will only be considered for the placement opportunities.
â€¢     This is the conditional Enrollment where if any B.Tech students gets arrear in 6th sem /Less than 6.0 CGPA in 6th sem will not be allowed to participate in Placement Process. They will be allowed only when they clear their arrears / increase the CGPA to more than 6.0 after 7th sem.
â€¢       If any M.Tech students gets arrear in 2nd sem /Less than 6.0 CGPA in 2nd sem will not be allowed to participate in Placement Process. They will be allowed only when they clear their arrears / increase the CGPA to more than 6.0 after 3rd sem.

ğŸ”·ğŸ”·ğŸ”·ğŸ”·ğŸ”·ğŸ”·ğŸ”·ğŸ”·ğŸ”·ğŸ”·ğŸ”·
",love
Prasanna Devi Maam SRM Vdp,"Dear all
Pl check ur cla4 marks posted , ct3 answer key, ktr qp - ct 3 for ai for ref.
Certification marks given (out of 5)
Coursera 4.5
Elements of ai 4.3
Nptel 5
",love
MANOHAR Sir SRM VDP,"Good morning all.
",joy
A Durgadevi Maam SRM VDP,"AICTE has announced an invitation for many physical and virtual internships in collaboration with many industries on various technologies and in various categories of internship. In this regard, I request that you instruct all HODs to share this information with all students [first year to final year, including passed out students] via class incharge. To facilitate the registration process further, I am pleased to inform you that Mrs. Anila of III ECE has created a sample video demonstrating the step-by-step procedure. This video provides clear instructions and guidance, making it easier for students to navigate through the registration process. I kindly request that you share this video with the students, HODs, and class incharges so that they can disseminate it among their respective groups. Student registration should be completed before May 16, 2023.

https://internship.aicte-india.org/

Video:

https://drive.google.com/file/d/11_v0N7xD5EujtNPoIPAAWt_mCWPNvTaj/view?usp=sharing
",joy
Prasanna Devi Maam SRM Vdp,"Dear Students
Good morning 
Pl check NS papers in my room.
",joy
Bharathi. N. Gopalsamy Ma'am Placement SRM VDP,"Attention RIA from III CSE A section. As mark is not mentioned in the mark sheet, you are requested to bring the original  marsheet in person
",joy
Bharathi. N. Gopalsamy Ma'am Placement SRM VDP,"It will come like that only. you know your marks in individual subjects, based on that u can find. If i find out i will inform
",joy
A Durgadevi Maam SRM VDP,"ğŸ”¹ğŸ”¹ğŸ”¹ğŸ”¹ğŸ”¹ğŸ”¹ğŸ”¹ğŸ”¹ğŸ”¹ğŸ”¹ğŸ”¹ğŸ”¹ğŸ”¹ğŸ”¹Dear Students,

ONLY FOR PWD STUDENTS - 2024 AND 2025 BATCH

Companies like Amazon, Infosys, Deloitte, PWC, HUL, EY etc... are interested in taking PWD students.
Students who have more than 40% disability only will be considered and they have to upload your Government provided certificate.
Students those who have physical disabled only requested  to fill the below form.
Others no need to fill the below form

GOOGLE FORM LINK:https://docs.google.com/forms/d/1R9R4SMf9KKGGrfpznzwmOKZ6pWpiwYTE0tJT8eeaaEA/edit

Last Date for Registration  : 04.07.2023 TILL 11:00 a.m.

Placement officeğŸ”¹ğŸ”¹ğŸ”¹ğŸ”¹ğŸ”¹ğŸ”¹ğŸ”¹ğŸ”¹ğŸ”¹ğŸ”¹ğŸ”¹
",joy
A Durgadevi Maam SRM VDP,"ğŸ”¹ğŸ”¹ğŸ”¹ğŸ”¹ğŸ”¹ğŸ”¹ğŸ”¹ğŸ”¹ğŸ”¹ğŸ”¹ğŸ”¹ğŸ”¹ğŸ”¹Amazon WoW learning series 'Unconventional Tech Campaign' which focuses on high impact offbeat Tech roles beyond SDE.

Campaign starts on July 4th with our first session on Programmer Analyst role.

Register and RSVP here: https://register.gotowebinar.com/register/6274466890107250263
Note: Students need to register to get the Webinar link 
 

 

About

The campaign ""Unconventional Tech"" is aimed at creating awareness on the array of tech roles offered by Amazon Student Programs team. The campaign would provide an opportunity to gain role specific insights and understand Amazon's offering beyond SDE. This includes a series of 8 sessions comprising of SDET, BIE, DE, QAE, SE, Sys Dev and PA roles. Each session would be of 30-45 minutes covering each role in depth. Additionally the team would conduct an open office hour session to address any general queries regarding these roles.

 
What are the Unconventional Tech roles covered in this Campaign?

SDET - Software Development Engineer Test

BIE - Business Intel Engineer

DE - Data Engineer

QAE - Quality Assurance Engineer

SE - Support Engineer

Sys Dev - System Development Engineer

PA - Programmer Analyst

 
What students can expect?

The students attending the session will have an opportunity to learn about the role, competencies. The session would also focus on typical career trajectory of the role and journey of leaders in that role.

 
Who can participate?

1.     The ""Unconventional Tech"" campaign is open to all students across engineering campuses in India who are keen to understand the tech opportunities available beyond SDE role at Amazon.
2.     Any student who is currently pursuing final year / pre-final year in four-year B.Tech/BE or two-year MCA, M.Tech/ME program or five year Dual Degree can participate.ğŸ”¹ğŸ”¹ğŸ”¹ğŸ”¹ğŸ”¹ğŸ”¹ğŸ”¹ğŸ”¹ğŸ”¹ğŸ”¹ğŸ”¹ğŸ”¹ğŸ”¹
",joy
A Durgadevi Maam SRM VDP,"All department final years and only 3rd year cse students will report to campus from tom (10/7).
Day order 1 will be followed on 10/7.
Erp attendance will be mapped from 10/7/23. 
Class ics are requested to inform respective classes.
",love
A Durgadevi Maam SRM VDP,"Students those who cleared the standing arrears in the sixth sem and now eligible for placement and willing need to meet the department coordinator Dr. Bharathi.N within today. If absent today, then call her and confirm their willingness. This is only for not enrolled students. Students in the list of second enrollment no need to meet her.
",joy
A Durgadevi Maam SRM VDP,"Students those who cleared the standing arrears in the sixth sem and now eligible for placement and willing need to meet the department coordinator Dr. Bharathi.N within today. If absent today, then call her and confirm their willingness. This is only for not enrolled students. Students in the list of second enrollment no need to meet her.
",joy
A Durgadevi Maam SRM VDP,"Class incharges kindly inform the students to verify their subjects. Fully paid students only enrolled
",joy
A Durgadevi Maam SRM VDP,"Kindly find the attachment of not applied list students(Department wise) in the superset.Job profile will be reopened once again in the superset from 12 PM (today). Kindly ask the listed students to apply in the superset . 

Note : TCS is a mandatory company (Day sharing) for all superset enrolled Students . Students who fail to apply in the superset will be blocked permanently from the superst.They can't able to attend further placement process for current academicÂ year.
(2024)
",joy
A Durgadevi Maam SRM VDP,"Kind attention IV years:
Circular:

It is informed to all the students that the 30 hours Value Added courses starts from 17/7/23 (Monday).
Pl complete the selection of your course on or before 13/7/23, 3pm.
",love
A Durgadevi Maam SRM VDP,"SRINIVASA M
 (RA2011003040023) 
Doing intership at Fidelity Investments
Kindly provide OD till 4TH August
",love
A Durgadevi Maam SRM VDP,"**IMPORTANT NOTE**
",joy
A Durgadevi Maam SRM VDP,"Kindly note: 
VAC class will be conducted in hybrid mode 
When students have placement drive ...class will will be conducted in online mode
If not offline mode
Today: 25.07.2013 ...online class due to placement
",joy
A Durgadevi Maam SRM VDP,"Dear Class Incharges/Department Placement Coordinators,

SRMIST has recently collaborated with ServiceNow to deliver the ServiceNow Certification Program as an industry-led elective course for the students and increase their job prospects. I have briefed about the program at the end of this mail and have also attached the related poster for your reference. 

Currently, the ServiceNow certification course has been implemented as a generic elective course (open to all departments) for the 7th semester students at KTR. 354 students have registered for this elective and the course has just started. 

Further, ServiceNow likes to extend this program and the related opportunities to other campuses. We are now working on the second batch which will include students from RMP, VDP and KTR (who missed opting it as elective). For this second batch, the course will be extended as a self-paced â€œOn Demand Courseâ€. The content and coverage of the On Demand Course will be the same as that of the Instructor Led Course currently offered as elective to the first batch. 

Please note that only those who have enrolled for placement will be eligible for this opportunity and Please share the final consolidated nomination list by 3.00 pm (31/07/2023).



Google Form: https://forms.gle/TqZUht6KaRcLAPYu9





About ServiceNow Certification Training Program

ServiceNow has a huge clientele base and there is always a high demand for ServiceNow application developers for them. The training program will cover the ADF (Application development fundamentals) modules. Pl refer to the attached poster.

Students who like to do this certification will receive the complete set of e-learning resources to prepare for the ServiceNow CAD (Certified Application Developer) certification FREE OF COST.
The learning modules will be extended as â€œOn demand courses"" which students can learn at their own pace. We will also extend support from our trained faculty members to connect with required students regularly to provide guidance.
Considering an average pace, the course can be completed in 6 to 8 weeks.
After completing the course, students have to clear the Mainline exam on ADF modules and complete the CAD certification.
Pl note that this certification is provided by ServiceNow and the cost for taking this certification exam is 300 USD. ServiceNow is offering a 50% discount for our students and they will be paying only 150 USD for the CAD certification exam.
ServiceNow is the leader in low-code and enterprise no-code development platforms. Even students who are NOT proficient in any programming languages will be able to complete the certification. Students from any branch can enrol.
Those who complete CAD certification will be considered for placement opportunities with the ServiceNow clientele base.
",joy
A Durgadevi Maam SRM VDP,"SRINIVASA M
 (RA2011003040023) 
Doing intership at Fidelity Investments
Kindly provide OD till 4TH August
",love
A Durgadevi Maam SRM VDP,"Dear All. Good morning. Request all to share the below Excel sheet across your class and collect PCM. please see to that all are filing maximum by 10 AM
",love
A Durgadevi Maam SRM VDP,"Dear Professors,
Greetings of the day.
There is a training program organised in JAVA and Dot Net Technologies.
The training for placement in the company Global Logics, Chennai.
Training for 15 weeks in online mode on Saturdays only from 05/082023. 
Kindly circulate the google form to final year CSE, IT and ECE students and ask them to fill those who are willing.
Today by 2.30 PM the list will be finalised.
Google form link :
https://forms.gle/CXeN2aoZS7KW3z318
Your cooperation is highly appreciated.
",joy
A Durgadevi Maam SRM VDP,"â˜ï¸its free, arranged by KTR Placements
",joy
A Durgadevi Maam SRM VDP,"âœ¨*Greetings from SRM Institute Of Science And Technology,  Vadapalani, Chennai*âœ¨

ğŸ“Œ DCSE of SRMIST, VADAPALANI, CHENNAI is organizing an innovation workshop on 
24th August,2023 ğŸ“Œ

*Agenda:*ğŸ“‹
    09:00 AM (Slot 1) - Cultivating Entrepreneurial Mindset Workshop
    01:15 PM (Slot 2) - Fun Based Innovative Activities

*Payment details :*
    Rs. 100.00

*Registration link:*
    https://forms.gle/UMc71GBvh8QgSGqT9
",joy
A Durgadevi Maam SRM VDP,"@918939466491 kindly collect ur certificate from nivedhitha mam
",joy
A Durgadevi Maam SRM VDP,"Dear class incharges 
Kindly circulate 
Dear all,

     Please give the slots and arrange for students who are willing to go for SAP programme (Masters willing students) from II year (2+2 pathway programmes), III year /IV year, within 11/8/23
Ask the interested to come and me in person by 12:30 tomorrow
",joy
A Durgadevi Maam SRM VDP,"Dear  students 
Note: Day order 2 class is rescheduled on saturday kindly note the timing and join the online class accordingly (Link has been attached in the excel sheet itself)
Java:         11.30 to 1pm (Insrtructor: Dr.Paavai Anand)
Power BI : 
11: 30 to 1pm
 (Insrtructor: Dr.S.K.B.Sangeetha)
 9:00 to 10:40 am (Instructor: Ms. Karthikayani)
",joy
A Durgadevi Maam SRM VDP,"We take immense pleasure in inviting everyone to join the Onam celebration. 
Dress code : Onam attire - Optional (Saree, Dhoti and Shirt) Sleeveless Blouses and Transparent Dhotis are not  allowed. Students can also come in regular dress code if you can't match the theme.
",love
A Durgadevi Maam SRM VDP,"Follow this link to join my WhatsApp group:

 https://chat.whatsapp.com/Lbnnaw5WGav5gfTXXOXrkv


Dear students,

If you are a participant of ICT learnathon 2023 and would like to get your queries/issues addressed, kindly join this group. 16 more days to go to complete a minimum of 8 courses. Best wishes!
",joy
A Durgadevi Maam SRM VDP,"The postponed exam  for iv yrs due to placements is scheduled tmrw at 8 am...class incharges kindly inform the students....
",joy
A Durgadevi Maam SRM VDP,"Dear All, 
There will be a camp arranged for availing new / updations in Aadhar Card / National Pension Scheme (NPS) / PAN Card / Passport on 07.09.23 and 08.09.23
Kindly circulate the information to all the class groups and kindly ask the students to bring the documents according to their needs.
",joy
A Durgadevi Maam SRM VDP,"Dear all,

Kindly share this info to our students for more participation from VDP campus
",joy
A Durgadevi Maam SRM VDP,"Internship offer for students good in website development will be given by Kanyakumari SP.
Interested students can mail your cv to hod.cse.vdp@srmist.edu.in
",joy
A Durgadevi Maam SRM VDP,"Kindly inform students that value added courses for final years stands cancelled.
Submission of standard industry certification for vac (as decided by the faculty of vac) will be taken into account for their vac courses. 

This certification amounts to 5marks of cla mapped to minor project.
",joy
A Durgadevi Maam SRM VDP,"Dear all subject handling faculties
Remedial classes are scheduled from tomorrow (2.45 to 3.45)
Kindly inform the ct1 failures to attend the remedial classes
",love
A Durgadevi Maam SRM VDP,"Important Instructions for CT1
 
â€¢	Students to keep their belongings on the dais inside the exam hall including their mobile phone & smart watch (in silent/switch off mode).

â€¢	Exchange of pen, calculator, or any other items among the students during the test will not be permitted.

â€¢	Avoid any scribbling/rough work on the question paper.

â€¢	MCQ answer sheets will  be collected sharply by 8.30 am (MCQ Duration: 20 mins)

â€¢	Students will not be allowed to leave the exam hall until the completion of the entire duration of the exam.
",joy
A Durgadevi Maam SRM VDP,"Dear students,

Please find the form link to submit your ICT learnathon certificates. 


This form will be closed by 30th sept 2023 11:59pm. 

*Submit 1 response per certificate.*


Make sure the details are correct. Incorrect data will be seriously viewed. 

We Wil send this to ICT team so that they cross-verify.
",joy
A Durgadevi Maam SRM VDP,"Dear *all year class incharges*, pls post this to your class group. Kindly urge the students to upload certificates in both learnathon portal and in this form. 30 th sep is the end date for learnathon.
",joy
A Durgadevi Maam SRM VDP,"ğŸ¥³ğŸ¥³ğŸ’One of our IV Year CSE Students got placed in DEShaw Marquee category.
âœ¨âœ¨âœ¨âœ¨âœ¨âœ¨âœ¨âœ¨
He makes all of us feel proud. Happy to share that he is the only student got this offer among all the campuses. âœ¨âœ¨âœ¨âœ¨âœ¨âœ¨âœ¨âœ¨
 Students Details: Students Name: Srinivasa M Students Reg No: RA2011003040023 Company Name: DEShaw  Offer: Super Dream offer (50 LPA)  Congratulations *Srinivasa* ğŸ‘ğŸ’ğŸ’
âœ¨âœ¨âœ¨âœ¨âœ¨âœ¨âœ¨âœ¨âœ¨
",joy
Niveditha Ma'am APP SRM Vdp,"Happy for u. Congratulations SrinivasağŸ‘ğŸ»
",joy
A Durgadevi Maam SRM VDP,"Dear Students
This msg is to inform you that there are 3 openings (Only boys) for paid internship at kmitl, Thailand.
Domain: Blockchain and Machine Learning.
Project lead, Thailand : Dr.Jedsada Topmontain.

2 of our students went there for internship last year and the details are given here ğŸ‘‡ğŸ¼
Just sharing it for reference.

https://www.linkedin.com/feed/update/urn:li:activity:7038870015772659712

*Interested final year students (Boyd only) who are strong in blockchain and ML* can send your cv to Hod id: HOD.CSE.VDP@SRMIST.EDU.IN 

Shortlisting will be done by srmvdp and final selection will be done by Dr.Jedsada.

Project start in December and ends in April 2024. It will be mapped to your final year project.
",love
A Durgadevi Maam SRM VDP,"Final year class incharges are requested to send this msg to your class groupsâ˜ï¸
",joy
A Durgadevi Maam SRM VDP,"Batch no 1,2,3,4,5,6 report to ne lab for review. Kindly bring all documents
",joy
A Durgadevi Maam SRM VDP,"Important
It is noticed that about 90% of higher semester students have not paid the exam fees.
Last date is 8/11/23.

Any issues reported after 7/11 regarding portal issues cannot be considered as reasons for non payment of exam fees without fine.
",joy
A Durgadevi Maam SRM VDP,"Kind attention to  Final year class incharges kindly Forword the google form to ur classes 
Dear sir/mam
The King Mongkutâ€™s Institute of Technology Ladkrabang, Thailand, which had given our CSE students internship also ready to extend the same paid internship to our next batch of students in the field of ML and blockchain technology
Students those who
â€¢	have placed already and willing to do final year project @ Thailand
â€¢	are all planning for higher studies
can apply. Selection process will be done through interview
",love
Prasanna Devi Maam SRM Vdp,"We are Very happy to inform... Beautiful Vidhushi Kumari
C S CHINMAYI (Disciple & Daughter of CN. Srinivasamoorthy...who is a Disciple of Violin Maestro Padmabushan SriLalgudi Jayaraman) has been Selected for BEST PERFORMER AWARD -2023 For CARNATIC MUSIC INSTRUMENTAL (VIOLIN) Well Talented..& Outstanding Artist. She is a She is a Young & Energetic Dynamic Carnatic Music Instrumental Violin Artist.!

Congratulations..! CHINMAYI
https://www.instagram.com/p/Cz6TxfTxTB0/?igshid=NGEwZGU0MjU5Mw==
",joy
A Durgadevi Maam SRM VDP,"Dear final and pre-final years

I am herewith sharing the list of industry certification that can be done during your vacation. It is mapped role wise.

Please do a SWOC analysis and be clear on your strengths.

All students must complete atleast one industry certification by Feb 2024. It will be mapped to  your curriculum (Comprehension for third years and one component of major project for final years).

Hope you are aware that placements are not as good as last year.

Request you all to put in serious efforts to upskill yourself without wasting your time.

Best wishes

Dr.S.Prasanna Devi.
",joy
Prabha Ma'am SRM VDP,"Dear final and pre-final years

I am herewith sharing the list of industry certification that can be done during your vacation. It is mapped role wise.

Please do a SWOC analysis and be clear on your strengths.

All students must complete atleast one industry certification by Feb 2024. It will be mapped to  your curriculum (Comprehension for third years and one component of major project for final years).

Hope you are aware that placements are not as good as last year.

Request you all to put in serious efforts to upskill yourself without wasting your time.

Best wishes

Dr.S.Prasanna Devi.
",joy
A Durgadevi Maam SRM VDP,"Dear all. Kindly float the above G Form to collect batch and Domain details from students. only 1 response per batch is enough. kindly ask the students to fill in the details maximum by 15 December 2023
",joy
A Durgadevi Maam SRM VDP,"PLEASE NOTE : 
1) IF YOU ARE OPTING FOR SERVICENOW COURSE, PLEASE ONLY OPT FOR SERVICENOW. 
2) IF YOU ARE OPTING FOR SALESFORCE YOU CAN ALSO CHOOSE THE KATALON AND IF YOU ARE OPTING FOR KATALON YOU CAN ALSO CHOOSE SALESFORCE.
",joy
A Durgadevi Maam SRM VDP,"PLEASE NOTE : 
1) IF YOU ARE OPTING FOR SERVICENOW COURSE, PLEASE ONLY OPT FOR SERVICENOW. 
2) IF YOU ARE OPTING FOR SALESFORCE YOU CAN ALSO CHOOSE THE KATALON AND IF YOU ARE OPTING FOR KATALON YOU CAN ALSO CHOOSE SALESFORCE.
",joy
A Durgadevi Maam SRM VDP,"Dear all. Kindly give a reminder that today is the deadline to submit batch details. If not submitting by today, randomly students will be grouped under any domain
",joy
